{
    "epoch": [
        1,
        2,
        3,
        4,
        5,
        6,
        7,
        8,
        9,
        10,
        11,
        12,
        13,
        14,
        15,
        16,
        17,
        18,
        19,
        20,
        21,
        22,
        23,
        24,
        25,
        26,
        27,
        28,
        29,
        30
    ],
    "train_loss": [
        0.707299780674023,
        0.6827596871559802,
        0.6721241047744075,
        0.6365186244678391,
        0.621631443896563,
        0.6108825146029822,
        0.57861591147822,
        0.5377351375645313,
        0.5006939078354228,
        0.4710979428006169,
        0.445790643641851,
        0.41131817789568853,
        0.38195285887549224,
        0.3485548086010605,
        0.3186258134387788,
        0.2852335262998262,
        0.2575709584477468,
        0.22884228663851125,
        0.22220728228720585,
        0.18509876779213563,
        0.17409551810320562,
        0.14018109773315596,
        0.12786017291676893,
        0.11631652749538554,
        0.11130585697204172,
        0.0989762947813155,
        0.0784082525262273,
        0.06847693982347433,
        0.08222896174000677,
        0.09094750353961292
    ],
    "val_loss": [
        0.7052639134603204,
        0.5877784334074225,
        0.5994227378582276,
        0.5817841381421496,
        0.5594050149948905,
        0.6113905983628538,
        0.6115651120242196,
        0.6537719282853525,
        0.7057944457953556,
        0.787889974383348,
        0.8049308971972643,
        0.8345149648528652,
        0.9246518883193869,
        1.0207736679970305,
        1.0235204681004164,
        1.1041037008590198,
        1.1459791315984413,
        1.3028096197992238,
        1.279700291756728,
        1.4150450020963306,
        1.5207756875119534,
        1.6082940263351675,
        1.7767376315411123,
        1.7938715970750971,
        1.9401724980227013,
        2.0856439717749797,
        2.178596447281034,
        2.2948517347451634,
        2.71998833566578,
        2.459505852906918
    ],
    "val_f1": [
        0.47897584541062804,
        0.6473095554711246,
        0.6371128939514252,
        0.6425580860363469,
        0.6457431321018698,
        0.6568791085327845,
        0.6424100156494523,
        0.6160975107445004,
        0.5796541574687271,
        0.5568911119661408,
        0.5487741611580621,
        0.548584652724861,
        0.5561178219362594,
        0.5345512523129262,
        0.5243596825304532,
        0.5220894550067717,
        0.5307540206415424,
        0.5219244152755143,
        0.5120649156523596,
        0.5140717614587575,
        0.5132284222100054,
        0.49928634460375837,
        0.4791033434650456,
        0.48709315375982043,
        0.5137308486205192,
        0.5169847485008625,
        0.500105857445307,
        0.49941580254125895,
        0.5037524405573832,
        0.50026395173454
    ],
    "val_acc": [
        0.48358862144420134,
        0.7155361050328227,
        0.6827133479212254,
        0.7024070021881839,
        0.7308533916849015,
        0.6958424507658644,
        0.6936542669584245,
        0.6608315098468271,
        0.6280087527352297,
        0.5864332603938731,
        0.612691466083151,
        0.6170678336980306,
        0.6039387308533917,
        0.5820568927789934,
        0.6083150984682714,
        0.5995623632385121,
        0.6170678336980306,
        0.5842450765864332,
        0.6170678336980306,
        0.5886214442013129,
        0.5929978118161926,
        0.5951859956236324,
        0.5798687089715536,
        0.5995623632385121,
        0.5995623632385121,
        0.5776805251641138,
        0.5929978118161926,
        0.6061269146608315,
        0.5557986870897156,
        0.6192560175054704
    ],
    "best_f1": 0.6568791085327845,
    "best_acc": 0.6958424507658644
}